nev,cim,osszeg,hatarido,kozlemeny
Tóth Béla,"1011 Budapest, Fő utca 10.",245 130,2024. október 31.,ADÓ123456
Kovács János,"1234 Budapest, Fő utca 1.",113 021,2024. november 05.,ADÓ243511
Szabó Anna,"5678 Debrecen, Kossuth tér 3.",278 974,2024. december 19.,ADÓ879866
Nagy Péter,"9012 Győr, Baross út 5.",229 005,2024. november 29.,TÖRL846592
Tóth Katalin,"3456 Szeged, Dóm tér 7.",181 092,2025. január 02.,ADÓ548053
Varga László,"6789 Pécs, Zsolnay út 9.",222 370,2024. november 21.,TART485595
Farkas Zoltán,"7890 Miskolc, Petőfi Sándor utca 11.",177 837,2024. december 14.,ADÓ665962
